N,P,K,temperature,humidity,ph,label
90,42,43,20.87974371,82.00274423,6.502985292000001,rice
85,58,41,21.77046169,80.31964408,7.038096361,rice
60,55,44,23.00445915,82.3207629,7.840207144,rice
74,35,40,26.49109635,80.15836264,6.980400905,rice
78,42,42,20.13017482,81.60487287,7.628472891,rice
69,37,42,23.05804872,83.37011772,7.073453503,rice
69,55,38,22.70883798,82.63941394,5.70080568,rice
94,53,40,20.27774362,82.89408619,5.718627177999999,rice
89,54,38,24.51588066,83.53521629999999,6.685346424,rice
68,58,38,23.22397386,83.03322691,6.336253525,rice
91,53,40,26.52723513,81.41753846,5.386167788,rice
90,46,42,23.97898217,81.45061596,7.50283396,rice
78,58,44,26.80079604,80.88684822,5.108681786,rice
93,56,36,24.01497622,82.05687182,6.98435366,rice
94,50,37,25.66585205,80.66385045,6.94801983,rice
60,48,39,24.28209415,80.30025587,7.042299068999999,rice
85,38,41,21.58711777,82.7883708,6.2490506560000005,rice
91,35,39,23.79391957,80.41817957,6.970859754,rice
77,38,36,21.8652524,80.1923008,5.953933276,rice
88,35,40,23.57943626,83.58760316,5.85393208,rice
89,45,36,21.32504158,80.47476396,6.442475375,rice
76,40,43,25.15745531,83.11713476,5.070175667,rice
67,59,41,21.94766735,80.97384195,6.012632591,rice
83,41,43,21.0525355,82.67839517,6.254028451,rice
98,47,37,23.48381344,81.33265073,7.375482851,rice
66,53,41,25.0756354,80.52389148,7.778915154,rice
97,59,43,26.35927159,84.04403589,6.2865001760000006,rice
97,50,41,24.52922681,80.54498576,7.070959995,rice
60,49,44,20.77576147,84.49774397,6.244841491,rice
84,51,35,22.30157427,80.64416466,6.043304899,rice
73,57,41,21.44653958,84.94375962,5.824709117,rice
92,35,40,22.17931888,80.33127223,6.3573893660000005,rice
85,37,39,24.52783742,82.73685569,6.364134967999999,rice
98,53,38,20.26707606,81.63895217,5.01450727,rice
88,54,44,25.7354293,83.88266234,6.149410611,rice
95,55,42,26.79533926,82.1480873,5.950660556,rice
99,57,35,26.75754171,81.17734011,5.960370061,rice
95,39,36,23.86330467,83.15250801,5.561398642,rice
60,43,44,21.01944696,82.95221726,7.416245107000001,rice
63,44,41,24.17298839,83.7287574,5.583370042,rice
62,42,36,22.78133816,82.06719137,6.430010215,rice
64,45,43,25.62980105,83.52842314,5.534878156,rice
83,60,36,25.59704938,80.14509262,6.903985986,rice
82,40,40,23.83067496,84.81360127,6.271478837999999,rice
85,52,45,26.31355498,82.36698992,7.224285503,rice
91,35,38,24.8972823,80.52586088,6.13428721,rice
76,49,42,24.958779,84.47963372,5.206373153,rice
74,39,38,23.24113501,84.59201843,7.782051312999999,rice
79,43,39,21.66628296,80.70960551,7.062779015,rice
88,55,45,24.63544858,80.41363018,7.730367824,rice
60,36,43,23.43121862,83.06310136,5.286203711000001,rice
76,60,39,20.0454142,80.3477562,6.766240045,rice
93,56,42,23.85724032,82.22572988,7.382762603,rice
65,60,43,21.97199397,81.89918197,5.658169482000001,rice
95,52,36,26.22916897,83.83625819,5.543360237999999,rice
75,38,39,23.44676801,84.79352417,6.215109715,rice
74,54,38,25.65553461,83.47021081,7.120272972,rice
91,36,45,24.44345477,82.45432595,5.950647577000001,rice
71,46,40,20.2801937,82.1235421,7.236705436,rice
99,55,35,21.7238313,80.2389895,6.501697816,rice
72,40,38,20.41447029,82.20802629,7.592490617,rice
83,58,45,25.75528612,83.51827127,5.875345751,rice
93,58,38,20.61521424,83.77345559,6.932400225,rice
70,36,42,21.84106875,80.72886384,6.9462098810000015,rice
76,47,42,20.08369642,83.29114712,5.739175027000001,rice
99,41,36,24.45802087,82.74835604,6.738652179,rice
99,54,37,21.14347496,80.33502926,5.5948196260000005,rice
86,59,35,25.78720567,82.11124033,6.946636369,rice
69,46,41,23.64124821,80.28597873,5.012139669,rice
91,56,37,23.43191632,80.56887849,6.363472207999999,rice
61,52,41,24.97669518,83.891805,6.880431223,rice
67,45,38,22.72791041,82.17068809999998,7.300410836,rice
79,42,37,24.87300744,82.84022551,6.587918707999999,rice
78,43,42,21.32376327,83.00320459,7.283736617000001,rice
75,54,36,26.29465461,84.56919326,7.023936392,rice
97,36,45,22.2286982,81.85872947,6.939083505,rice
67,47,44,26.73072391,81.78596776,7.868474653,rice
73,35,38,24.88921174,81.97927117,5.005306977,rice
77,36,37,26.88444878,81.46033732,6.136131869,rice
81,41,38,22.67846116,83.72874389,7.5240800760000015,rice
68,57,43,26.08867875,80.37979919,5.706943251,rice
72,45,35,25.42977518,82.94682591,5.758506323,rice
61,53,43,26.40323239,81.05635517,6.349606327,rice
67,43,39,26.04371967,84.96907151,5.9999690260000005,rice
67,58,39,25.2827223,80.54372813,5.453592032,rice
66,60,38,22.08576562,83.47038318,6.372576327000001,rice
82,43,38,23.28617173,81.43321641,5.105588355,rice
84,50,44,25.48591986,81.40633547,5.9353444060000005,rice
81,53,42,23.67575393,81.03569343,5.17782304,rice
91,50,40,20.82477109,84.1341879,6.462391607000001,rice
93,53,38,26.92995077,81.91411159,7.069172227,rice
90,44,38,23.83509503,83.88387074,7.473134377,rice
81,45,35,26.52872817,80.12267476,6.158376967000001,rice
78,40,38,26.46428311,83.85642678,7.549873681,rice
60,51,36,22.69657794,82.81088865,6.028321557999999,rice
88,46,42,22.68319059,83.46358271,6.604993475,rice
93,47,37,21.53346343,82.14004101,6.500343222000001,rice
60,55,45,21.40865769,83.32931909999998,5.935745417000001,rice
78,35,44,26.54348085,84.67353597,7.072655622,rice
65,37,40,23.35905428,83.59512273,5.333322606,rice
71,54,16,22.61359953,63.69070564,5.7499144210000015,maize
61,44,17,26.10018422,71.57476937,6.931756557999999,maize
80,43,16,23.55882094,71.59351368,6.657964753,maize
73,58,21,19.97215954,57.68272924,6.596060648,maize
61,38,20,18.47891261,62.69503871,5.970458434,maize
68,41,16,21.77689322,57.80840636,6.158830619,maize
93,41,17,25.6217169,66.50415474,6.047906679,maize
89,60,19,25.19192419,66.69029010000001,5.913664501,maize
76,44,17,20.41683147,62.55424820000001,5.855442401,maize
67,60,25,24.92162194,66.78627406,5.750254943,maize
70,44,19,23.31689124,73.4541537,5.852607099,maize
90,49,21,24.84016732,68.3584573,6.4725232870000005,maize
62,52,16,22.27526694,58.84015925,6.9670577620000005,maize
92,44,16,18.87751445,65.76816093,6.082973754,maize
66,54,21,25.19008683,60.200168700000006,5.919045532,maize
63,58,22,18.25405352,55.28220433,6.204747652999999,maize
70,47,17,24.612911800000006,70.4162444,6.600827017,maize
61,41,17,25.1420613,65.26185135,6.021902237000001,maize
66,53,19,23.09348056,60.11593810000001,6.033550195,maize
74,55,19,18.05033737,62.89366992,6.28886807,maize
77,57,21,24.9321581,73.80435276,6.550563822999999,maize
99,50,15,18.14710054,71.09445342,5.573286437,maize
74,56,22,18.28362235,66.65952796,6.829199275,maize
83,45,21,18.83344471,58.75082029,5.716222912,maize
100,48,16,25.71895816,67.22190688,5.54990242,maize
79,51,16,25.33797709,68.49835977,6.586244581,maize
94,39,18,23.89114571,57.48775781,5.893093135,maize
75,49,15,21.53574127,71.50905983,5.918263801,maize
78,48,22,23.08974909,63.10459626,5.588650585,maize
87,54,20,25.61707368,63.4711755,6.576418207000001,maize
87,35,25,21.44526922,63.1621551,6.178056304,maize
63,43,19,18.51816776,55.53128131,6.641906353,maize
84,57,25,22.53510514,67.99257471,6.489040367,maize
64,35,23,23.02038334,61.89472002,5.680361037999999,maize
60,46,22,24.89364635,65.61418761,6.625404347999999,maize
98,44,21,25.77175115,74.089114,6.524478032,maize
75,56,18,19.39851734,62.35750641,5.696205468,maize
86,55,21,21.54156232,59.64024162,6.803931519,maize
98,35,18,23.79746068,74.82913698,6.252797547999999,maize
76,57,18,18.9802729,74.52600826,6.092725883,maize
99,56,17,24.10859207,73.13112261,6.234330356,maize
60,44,23,24.7947077,70.04556743,5.722579819,maize
74,48,17,21.63162756,60.27766379,6.430616465,maize
89,60,17,25.37548751,57.21025565,5.983952675,maize
69,51,23,22.21738222,72.85462807,6.80163854,maize
96,46,22,20.58314011,69.00128641,6.499936446,maize
61,60,15,24.87502824,68.74248334,6.265564338,maize
74,58,18,20.03728219,56.35606753,6.727303282,maize
74,43,23,25.95263264,61.89082199,6.325235159,maize
63,43,17,19.28889933,65.47050802,6.807487794,maize
99,36,20,20.57981887,65.34583901,6.671085817000001,maize
77,36,23,24.71417533,56.73426469,6.648725327,maize
87,60,23,20.27317074,63.91281869,6.439071996,maize
60,38,17,18.41932981,64.23580251,6.474476516,maize
94,54,17,23.39128187,61.74427165,5.871647806,maize
95,38,22,19.84939404,61.24500053,5.730617109,maize
84,44,21,21.869274,61.91044947,5.850439831,maize
77,58,19,22.8056033,56.50768935,5.791649933,maize
66,44,20,19.0781471,69.02298571,6.740000687999999,maize
63,35,16,22.02720976,65.35549924,6.272417541,maize
79,45,20,23.80546189,59.24537979,5.715208817000001,maize
72,60,25,18.52510753,69.0276233,5.773454729,maize
67,51,24,23.50297882,61.32026065,5.584171461,maize
86,36,24,26.54986394,72.89187265,5.787268394,maize
76,48,18,19.29563411,69.63481219,5.77597783,maize
75,53,18,20.68899915,59.4375337,6.864793607,maize
81,45,23,19.32666088,68.03449300000001,6.192360002999999,maize
73,45,21,24.60532218,73.58868502,6.636803222999999,maize
71,35,24,22.27373646,59.52193158,5.826426917,maize
96,54,22,25.70196694,61.33450447,6.960358276,maize
99,39,18,19.20129357,68.30578978,6.11275104,maize
62,48,20,21.70181447,60.47470519,6.708446922,maize
86,37,16,20.51716779,59.21235483,5.561510732,maize
94,50,19,23.30355338,73.62548442,5.873242491,maize
76,39,24,24.2547451,55.64709899,6.995843776,maize
77,52,17,24.86374934,65.7420046,5.714799723,maize
74,39,23,22.6265115,65.77472881,6.78073637,maize
81,49,20,18.04185513,60.61494304,5.513697923,maize
63,42,21,23.26237612,72.33125523,5.798423907999999,maize
99,38,21,22.88330922,71.59722446,6.352471866,maize
90,52,25,25.97482359,69.36385721,6.822586546,maize
68,40,19,26.14384005,66.20569924,6.655426355,maize
60,57,24,18.66116213,61.55327249,6.1212940410000005,maize
71,52,18,25.10787449,55.97732754,5.790770202999999,maize
61,59,17,23.33844615,59.24580604,6.47444292,maize
88,38,15,25.08239719,65.92195844,6.455116637000001,maize
65,60,22,25.36768364,72.52054555,6.6069840860000015,maize
78,37,22,25.34217103,63.31801994,6.330554389,maize
78,58,15,25.00933355,67.816568,6.5286312660000005,maize
92,60,23,18.66746724,71.516474,5.721667141,maize
79,59,17,20.37999665,63.73849998,6.644205485,maize
91,55,15,18.09300227,72.61024172,6.376651091,maize
76,51,18,26.16985907,71.96246617,6.247040422,maize
87,48,25,18.65396672,61.37879671,6.656730007999999,maize
71,60,22,26.07470121,59.37147589,6.2048017,maize
90,57,24,18.92851916,72.80086137,6.158860284,maize
67,35,22,23.30546753,63.24648023,6.385684213999999,maize
60,54,19,18.74826712,62.49878458,6.417820493,maize
83,58,23,19.74213321,59.66263104,6.381201909,maize
83,57,19,25.73044432,70.74739256,6.877869005,maize
2,24,38,24.55981624,91.63536236,5.922935513,pomegranate
6,18,37,19.65690085,89.93701023,5.937649577999999,pomegranate
8,26,36,18.78359608,87.4024767,6.804781106,pomegranate
37,18,39,24.1469628,94.5110662,6.424670614,pomegranate
0,27,38,22.44581266,89.90147027,6.7380162210000005,pomegranate
31,25,38,24.96273236,92.40501423,6.4973666770000005,pomegranate
21,21,38,22.5526059,89.32594859999998,6.327673765,pomegranate
6,30,40,22.77035608,91.45498527,6.36137446,pomegranate
25,27,41,19.20090378,94.27659596,6.9235093710000015,pomegranate
15,11,38,23.12808226,92.68328358,6.630646082999999,pomegranate
14,5,36,24.92639065,85.19098079,5.832525853,pomegranate
16,10,41,24.77464458,85.63608688,6.738993954,pomegranate
36,7,37,19.8671184,86.35590206,5.782435567,pomegranate
4,20,41,24.26601316,93.7974061,6.537042717,pomegranate
29,22,40,23.62600218,89.73266695,6.145104401,pomegranate
16,15,42,19.67832052,89.08935702,6.890784045,pomegranate
18,27,41,22.36509395,92.30882391,7.175344328,pomegranate
11,18,42,21.57936934,94.88267728,5.938528744,pomegranate
5,15,38,18.26233221,88.16779129,5.709380472,pomegranate
18,23,44,23.71028128,89.61794165,6.184400085,pomegranate
9,8,40,22.48720144,89.9224883,6.553509673,pomegranate
40,27,45,21.66024980000001,94.79397419,5.885638185,pomegranate
22,23,44,20.13037175,89.31505137,6.1438746910000015,pomegranate
9,16,39,18.41164435,91.11927248,6.101198974,pomegranate
12,29,40,19.68291173,89.75272999,6.594037135,pomegranate
0,17,42,23.20242586,91.19442671,6.8598408210000015,pomegranate
2,21,44,18.92157197,87.31290342,6.56893406,pomegranate
28,6,40,22.10621387,91.34039616,6.769855664,pomegranate
8,23,44,18.47412402,89.68919664,7.130837931,pomegranate
29,16,36,19.81069447,88.92944254,5.7403380020000006,pomegranate
17,18,43,24.4880844,90.83687246,5.843005428,pomegranate
34,21,42,18.75927679,89.93457597,6.648687273999999,pomegranate
21,23,42,19.54128063,90.29751796,6.902751061,pomegranate
25,17,40,18.91251245,87.74938524,6.608023872,pomegranate
8,25,36,19.91330523,94.95031368,6.828522375,pomegranate
26,18,42,19.72620525,89.64934166,6.910374919,pomegranate
4,19,42,23.83185873,87.84034604,6.306605528,pomegranate
36,24,41,24.94467632,94.25702672,7.009180374,pomegranate
5,24,40,24.692258,93.87030088,6.297907578999999,pomegranate
19,17,39,24.72485577,85.56083187,6.728599215,pomegranate
39,30,38,20.12644921,87.59629625,6.965156737999999,pomegranate
5,29,44,21.02432943,93.0569505,5.578095745,pomegranate
4,24,43,22.40423537,88.1508343,7.199504273,pomegranate
38,21,35,20.33691147,89.38003827,5.841367187,pomegranate
37,11,36,24.24779615,85.56033312,6.710143266,pomegranate
9,25,41,24.81530144,91.90842992,5.972714857000001,pomegranate
29,22,43,19.66329768,87.95158129,5.561851831,pomegranate
5,21,38,22.43377991,90.3396556,6.107054807999999,pomegranate
22,26,38,22.92052307,85.12912161,6.988035315,pomegranate
4,18,37,22.91843172,85.40695044,7.13147457,pomegranate
21,6,41,24.88244467,89.39686219,7.086947687,pomegranate
29,21,45,23.40981539,93.13277,6.749260456,pomegranate
23,5,44,21.20725375,94.26304717,7.16300467,pomegranate
13,7,43,18.20230419,91.12282162,7.013481515,pomegranate
5,13,37,22.34375696,89.7870345,5.648243648999999,pomegranate
27,24,41,24.32770134,90.88292835,6.610251186,pomegranate
7,23,35,19.75088482,88.71691157,7.054313822999999,pomegranate
12,20,39,19.86173586,86.19740917,6.026999326,pomegranate
4,19,43,18.07132963,93.14554876,5.7794274020000005,pomegranate
3,9,45,23.89162561,89.61850203,6.535244251,pomegranate
1,27,36,23.98598756,93.34236582,5.684995235,pomegranate
23,30,44,20.93892916,85.42912869,6.12476108,pomegranate
24,21,42,20.82210727,87.22815682,6.999014379,pomegranate
13,30,37,20.86474944,91.61793636,6.277148771,pomegranate
40,11,44,24.45840036,86.10874614,6.322396027000001,pomegranate
21,9,40,24.51147697,90.64498715,5.956401828,pomegranate
3,27,44,24.56811204,92.03009222,6.591302797000001,pomegranate
40,29,42,24.63228709,89.01574455,7.104094929,pomegranate
14,25,40,20.07386547,90.97819712,6.407872061,pomegranate
38,14,37,21.80523051,94.63612858,6.658402594,pomegranate
34,9,36,22.8122645,86.34233767,6.276038961,pomegranate
32,14,37,22.73031253,88.48567856,6.825256236,pomegranate
18,21,35,23.2801227,94.94330457,6.368560522,pomegranate
8,23,38,19.30106297,87.1775172,7.005410734,pomegranate
15,6,41,19.0087067,88.83768149,6.8973684770000006,pomegranate
0,5,36,24.35193812,90.88612388,6.152906502,pomegranate
22,9,44,24.72235539,88.87651295,5.744361602000001,pomegranate
14,8,43,21.92513945,94.46485312,7.051654924,pomegranate
31,11,45,24.83954414,86.88738076,6.034612928,pomegranate
39,17,45,18.09691127,90.42177379,6.9244907310000015,pomegranate
10,5,42,20.24104904,91.08706822,6.887005997,pomegranate
8,28,38,23.22594,94.42971362,6.8444019,pomegranate
32,13,42,23.50128217,92.97527546,5.786058032000001,pomegranate
18,9,40,19.44623085,89.02127045,5.627186257000001,pomegranate
20,27,41,20.51343484,92.51675903,5.700088663,pomegranate
39,25,36,18.90223032,94.99897537,5.567805185,pomegranate
20,7,45,18.90592319,89.24126808,6.077886012,pomegranate
11,10,45,22.63045168,88.45577158,6.397995609,pomegranate
40,18,43,19.38603815,86.79058496,5.767372539,pomegranate
3,26,39,24.38318965,91.19431555,7.079973241,pomegranate
9,16,36,23.77989026,92.93386903,5.893332377999999,pomegranate
30,20,38,22.59890174,93.16343942,7.058222596,pomegranate
40,9,41,24.37766782,85.4017118,5.78270695,pomegranate
40,30,35,20.89273273,91.07776977,6.269663962999999,pomegranate
32,25,35,18.09903225,85.70786282,5.892913826,pomegranate
33,23,45,20.00218987,85.83618191,7.116538883,pomegranate
4,14,41,19.85139326,89.80732335,6.430163481,pomegranate
13,17,45,21.25433607,92.65058936,7.159520979,pomegranate
39,24,39,23.65374106,93.32657504,6.431265737,pomegranate
8,28,37,23.88404783,86.20613842,6.082571701,pomegranate
91,94,46,29.36792366,76.24900101,6.149934034,banana
105,95,50,27.33368994,83.67675197,5.849076099,banana
108,92,53,27.40053601,82.96221306,6.276800323,banana
86,76,54,29.3159075,80.11585705,5.926824754,banana
80,77,49,26.05433004,79.39654531,5.519088423,banana
93,94,53,25.86632408,84.42379269,6.079178787999999,banana
90,92,55,27.00932084,80.18546798,6.13465588,banana
108,89,53,29.55054817,78.06762846,5.808497603999999,banana
108,88,55,26.28845991,83.390039,5.891458107,banana
105,77,52,29.16226551,76.16151562,5.816622478999999,banana
118,88,52,28.65003945,82.68752542,5.8431631610000005,banana
101,87,54,29.07311132,76.50045221,6.376756632999999,banana
95,75,50,28.08166093,75.26429821,5.623615687000001,banana
106,85,53,27.1994597,78.80860679999998,5.91505509,banana
86,95,49,28.05484146,78.04602887,6.458714879,banana
83,79,55,25.14748006,83.34688193,5.565028635,banana
85,95,47,25.94019018,78.3422098,6.211833161,banana
109,79,45,27.66752761,79.68542782,6.490074429,banana
100,76,45,25.56703012,75.94067692,5.590236025,banana
117,86,48,28.6956201,82.54195839,6.225225238999999,banana
114,94,53,26.33544853,76.8532006,6.190757458999999,banana
110,78,50,25.93730186,78.89864446,5.915568968,banana
94,70,48,25.13686519,84.88394407,6.195152442,banana
80,71,47,27.50527651,80.79783998,6.156373499,banana
114,79,51,26.21009246,82.34429458,6.313197204,banana
88,78,45,29.10403455,79.19588629,6.324270089,banana
112,73,48,29.244063800000006,77.32017166,5.7074889870000005,banana
117,76,47,25.56202173,77.38229006,6.119216009,banana
111,87,48,26.3985515,81.36028902,5.571401169,banana
89,83,47,28.09577643,77.79586769,5.63127166,banana
93,91,47,27.84767901,83.31110751,6.101241579,banana
92,81,52,27.39341554,81.4654833,6.438137278999998,banana
105,74,45,25.14517635,81.38204104,6.098369122,banana
102,71,48,28.65456263,79.28693687,5.695267822000001,banana
94,91,51,29.16093424,76.67484233,5.6180944460000015,banana
116,71,47,27.57278064,82.0638878,6.435785799,banana
117,79,49,25.40909896,82.36208097,6.176644228,banana
119,72,55,25.99069521,83.33983116,6.220643671,banana
99,73,53,26.29039046,81.06003778,5.8717022110000014,banana
91,84,52,29.14827211,78.71024836,6.390741836,banana
80,90,47,26.59743595,79.35898915,6.21084479,banana
101,70,48,25.36059237,75.03193255,6.012696655,banana
108,89,53,29.12036889,80.18080728,5.908770059,banana
100,80,52,27.53911354,77.25629897,6.049801781,banana
109,91,53,29.66727337,83.51014178,6.010095852999999,banana
82,78,46,25.05802193,84.97323747,5.738678895,banana
106,70,55,25.86824781,78.52399914,5.74055541,banana
90,86,52,25.85036988,81.95580471,5.793260262,banana
83,95,50,26.51682337,77.79913575,5.50947065,banana
119,90,48,28.66725136,79.59242542,5.986442306,banana
107,72,45,28.14938935,81.54448882,5.790768046,banana
116,81,55,26.42313317,83.69950440000002,5.915546415,banana
101,75,50,26.59386409,81.40740301,6.242528277999999,banana
93,81,50,27.71822477,76.57853189,6.0360792660000016,banana
95,75,45,28.98333432,82.95958244,5.829898502000001,banana
107,71,55,29.42017919,83.96754496,6.088064451,banana
83,94,47,27.39872329,81.10523402,6.469370954,banana
102,73,54,26.4020227,84.41007614,5.720726906,banana
86,79,45,27.81251452,82.69285419,5.80766417,banana
117,86,53,25.19640218,83.55829874,5.703381727999999,banana
111,79,53,28.31193338,75.77363772,6.165001277999999,banana
95,74,50,25.90113128,80.47152737,6.002481605,banana
91,75,55,27.48612983,76.11239849,6.212369363,banana
93,83,46,29.38254012,83.50423735,5.765308943,banana
92,85,51,29.22118628,81.08183635,5.740764682000001,banana
104,80,54,27.09062164,81.33506906,5.879119455,banana
103,72,51,26.12643374,81.81365007,6.099478745,banana
92,75,45,29.01207743,77.95192527,5.674403358999999,banana
93,85,49,27.96799119,79.28625709,5.694243847,banana
120,87,52,28.0764455,76.05522115,5.905494703,banana
108,72,46,25.16278237,84.97849241,6.110844721,banana
105,88,54,25.78749808,84.51194224,6.020445317,banana
98,79,50,25.34119774,84.47321314,6.435917308,banana
111,88,55,29.44795403,78.34971537,5.505393832999999,banana
97,74,45,26.47522633,78.51833782,5.677719902000001,banana
95,82,48,27.39489579,83.31172003,5.719014989,banana
89,91,55,25.08347445,80.26173100000003,6.275572297999999,banana
89,85,55,26.671983500000003,76.48541655,6.275384607,banana
118,88,51,25.44926208,79.49221962,6.201911642000001,banana
101,92,45,28.22776705,80.64303840000002,5.758054257,banana
99,92,47,28.127950899999995,77.48247073,6.3239336470000005,banana
82,77,46,28.9470467,82.1888998,5.901100841,banana
90,86,55,27.96236771,84.15403614,5.644486582000001,banana
95,88,52,28.00316034,78.90085998,6.235461772000001,banana
104,73,46,29.1400919,80.1190228,6.28236237,banana
102,73,52,27.9122104,83.36307683,6.356090905,banana
100,74,52,25.43480512,81.53977797,5.837258235,banana
94,89,48,28.55980972,84.51602322,5.653437902,banana
99,70,46,26.59580783,82.99556744,5.727469947,banana
112,87,48,27.19711623,77.39706290000002,6.200111067999999,banana
117,82,45,25.29391516,79.29122198,5.614471478,banana
96,86,51,29.90888522,76.98740841,6.257369799,banana
113,85,45,27.94972463,76.63713353,6.037430836,banana
105,93,46,25.01018457,78.76260938,5.760457558,banana
85,89,51,29.21144871,84.70189923,6.1581644220000005,banana
108,94,47,27.35911627,84.54625006,6.387431382999999,banana
92,81,52,28.0106804,76.52808057,5.891413895,banana
110,71,54,28.67208915,82.20793613,5.725418961,banana
82,75,55,27.34585147,78.48738349999998,6.281069505,banana
117,81,53,29.50704598,78.20585613,5.507641777999999,banana
2,40,27,29.73770045,47.54885174,5.954626604,mango
39,24,31,33.55695561,53.72979826,4.757114897,mango
21,26,27,27.00315545,47.67525434,5.6995869720000005,mango
25,22,25,33.56150184,45.53556603,5.977413802999999,mango
0,21,32,35.89855625,54.25964196,6.430139436,mango
20,19,35,34.17719782,50.62161586,6.113935087000001,mango
19,21,34,30.01592643,53.19212381,5.074272692,mango
18,17,31,31.74592134,45.16127859,5.667507706,mango
11,36,33,35.99009679,52.22780489,5.978634285,mango
30,28,30,31.86641378,52.19331595,5.064613314,mango
18,19,27,27.75518664,52.34605806,4.772385986000001,mango
23,23,27,34.72413192,51.4271781,5.161148592,mango
37,30,34,27.53907547,53.63549533,6.797779227,mango
11,27,30,27.69637763,48.56224879999999,6.39474303,mango
12,19,31,27.25373364,52.66319725,5.566704378,mango
3,28,33,30.33723921,48.88704844,5.755049971,mango
37,38,32,31.85744939,45.53106268,5.417340525,mango
26,37,30,35.39986338,49.45962621,6.166173833999999,mango
14,18,30,29.80747243,52.13797867,5.191265116,mango
40,16,35,34.16438906,54.16482251,4.954739564,mango
4,20,25,28.93270187,47.94053996,5.664587011,mango
36,25,33,27.98392787,53.33018851,5.548584852,mango
30,17,31,31.20478173,54.49960506,6.804437106,mango
28,37,28,32.13409675,50.52559148,6.097869767000001,mango
38,15,30,28.91862016,48.13974548,5.075504537,mango
12,37,30,31.09779147,47.41196659,4.546466109,mango
38,19,31,34.73823882,49.08864345,5.855119267999999,mango
8,33,29,29.98080499,49.48613279,6.442393461,mango
15,27,28,33.80398664,46.12866113,4.507523551,mango
34,16,25,30.07202564,50.96040505,6.10729559,mango
11,36,31,27.92063282,51.77965917,6.47544932,mango
33,29,34,31.40948821,49.21729127,6.832979508999999,mango
12,31,26,35.7877738,51.94190321,5.395275719,mango
12,34,28,33.36140093,45.02236377,6.13526938,mango
5,16,31,35.96054636,48.69677802,4.555688532,mango
1,30,29,28.33333307,51.39586505,6.4341977560000005,mango
16,35,31,32.27652024,50.19368841,5.316875978000001,mango
35,18,26,31.99490489,50.84881347,5.279388967,mango
4,40,26,27.58258929,48.56916221,6.720041791,mango
9,29,34,29.38471637,45.88744691,5.72742254,mango
2,38,33,32.38697531,53.2328243,4.691396195,mango
26,32,32,30.91471455,49.92963856,6.810186079,mango
34,38,31,35.37775595,45.58110023,6.454045329,mango
5,32,33,32.32362177,52.58967710000001,5.842763773,mango
31,29,26,28.22373428,47.40519056,5.024124683999999,mango
34,34,35,27.27433181,47.16808054,6.422710539,mango
36,19,32,27.10710832,50.70880979,4.94295037,mango
7,17,26,34.89226666,48.75613373,6.414526606,mango
38,15,27,33.7462686,48.50387598,6.777788126,mango
5,19,25,27.351105600000004,54.43945147,6.441328044,mango
37,36,26,32.89300162,52.61323969,4.650536197,mango
21,31,32,35.38598705,51.42664176,5.254532213,mango
37,36,27,27.552973600000005,47.90859131,5.910634533,mango
23,23,30,32.82141065,47.45553843,4.755273631000001,mango
36,26,26,30.17294105,51.0845903,6.814630246,mango
24,33,35,29.26382931,54.82257868,5.342866119,mango
26,18,30,32.06097197,51.08494181,6.336234623999999,mango
22,17,26,28.69818144,47.71875722,4.754435025,mango
11,34,32,29.14305008,49.40983294,6.831706773,mango
29,35,28,28.347161100000005,53.53903102,6.9674177660000005,mango
22,28,26,27.67256197,45.41692012,4.947683034,mango
23,24,32,28.1218093,46.16888595,5.630619901,mango
1,35,34,30.79375683,46.69536813,6.27339822,mango
2,24,34,28.89409382,54.80750249,6.472774648,mango
39,37,25,33.33024826,45.61143594,6.953246506,mango
15,36,27,27.78912455,53.96886679,5.6437102160000014,mango
3,18,31,31.65333432,48.20662669,6.392313972999999,mango
8,38,32,29.75150773,46.73723302,4.981816523,mango
33,31,34,31.32995611,50.22287593,5.421265282999999,mango
14,29,32,35.63627319,48.97047762,6.942520105,mango
18,20,26,31.66524687,51.98594645,5.435840509,mango
9,21,32,32.26935342,53.56092806,5.870116071,mango
20,30,27,27.81005614,51.59445462,4.74910393,mango
9,38,25,34.58561471,50.34035336,5.497946899,mango
26,24,34,31.27180992,52.23810152,6.811291098,mango
31,36,29,33.93679864,52.72170281,6.460542749,mango
14,18,35,31.09154239,47.02058367,4.791146778,mango
40,16,35,31.89356292,49.02450149,6.4841522000000005,mango
28,27,34,32.45465292,50.69693751,6.526654345,mango
0,17,30,35.47478322,47.97230503,6.279133738,mango
1,29,29,27.32961444,49.30347234,6.052026047000001,mango
2,36,31,30.90225239,49.95955487,5.73171945,mango
12,27,26,29.09382275,45.5661059,5.32307197,mango
7,28,35,30.02086169,46.78393776,4.66910839,mango
0,36,26,34.13072188,51.25786185,5.101206389,mango
26,35,31,33.44619894,53.05980465,5.339556562,mango
27,21,30,35.3915464,52.48823147,5.061081874,mango
22,38,31,31.53356352,53.06009323,5.8211060360000015,mango
22,18,31,30.764551500000003,47.93791463,5.956027059,mango
28,23,28,30.01821337,50.09831810000001,5.676032581,mango
7,31,27,31.32863689,47.59319575,6.524114355,mango
29,34,26,33.88004781,54.39416048,6.2739536760000005,mango
8,37,33,28.07802689,54.9640534,6.128167757000001,mango
39,16,27,35.53845018,52.94641947,4.934964765,mango
40,24,25,28.70595247,50.44030129,5.445008416,mango
19,38,26,31.48451729,48.77926304,4.525722333,mango
21,21,30,27.69819273,51.41593238,5.403908327999999,mango
22,18,33,30.41235793,52.48100602,6.621623545,mango
31,20,30,32.17752026,54.01352682,6.207495815,mango
18,26,31,32.611261400000004,47.74916499,5.418475257000001,mango
24,130,195,29.99677232,81.54156612,6.112305667,grapes
13,144,204,30.7280404,82.42614055,6.092241627000001,grapes
22,123,205,32.44577836,83.88504863,5.896343436,grapes
36,125,196,37.46566825,80.65968681,6.15526103,grapes
24,131,196,22.03296178,83.74372787,5.732453638,grapes
2,123,198,39.64851881,82.21079946,6.253034534,grapes
35,140,197,16.77557314,82.75241875,6.106190557000001,grapes
11,122,195,12.14190714,83.56812483,5.647202395,grapes
6,123,203,12.7567962,81.62497448,6.130310493,grapes
17,134,204,39.04071989,80.18393287,6.499604931,grapes
25,130,197,39.70772192,82.68593454,5.554831977,grapes
27,145,205,9.467960445,82.29335466,5.800242694,grapes
9,122,201,29.58748357,80.91934392,5.570290539,grapes
16,139,203,17.82803682,80.96093443,6.27564088,grapes
32,141,204,8.825674745,82.89753705,5.536645599,grapes
22,138,195,27.83487131,83.51444973,6.208196881,grapes
31,144,202,11.02105378,80.55557235,5.870600622,grapes
3,136,205,17.5862944,80.84806564,6.334771461,grapes
28,122,197,19.89363946,82.73366439,5.856575335,grapes
4,136,204,29.93707596,81.77713468,5.898944282,grapes
39,145,201,36.73126647,80.58931938,5.775600435,grapes
38,132,197,20.42094753,81.54185044,5.931101816,grapes
36,133,198,25.51939719,83.98351748,6.2286454,grapes
25,121,201,30.50734778,82.71775569,5.594240602999999,grapes
15,125,199,18.426993600000007,80.55625868,5.569230319,grapes
24,140,205,12.087022,83.59398734,5.93202852,grapes
13,132,203,23.60115364,82.48336987,6.423216506,grapes
5,126,197,12.80000387,81.20876367,6.417500829,grapes
30,120,200,38.06099482,82.24729637,6.234904253,grapes
23,142,197,39.06555518,82.03812973,6.000573725,grapes
26,135,203,33.78372897,81.16314317,5.6851027689999984,grapes
7,126,203,16.76201707,82.00335557,5.662140095,grapes
32,139,198,35.89307536,82.66850729,6.358186848,grapes
9,141,202,21.01245395,81.17931863,6.119495295,grapes
20,142,196,10.89875873,80.01639435,6.207600782999999,grapes
32,129,201,16.36251869,83.00471609,6.48754639,grapes
3,134,199,20.28370163,81.32235739,5.81717753,grapes
38,138,204,25.11108456,83.25447587,6.325480034,grapes
14,131,198,33.4641162,83.86742974,5.562790949,grapes
20,122,204,11.7976469,80.86325389,6.487369687,grapes
40,126,201,11.36300891,80.03100049,6.116982944,grapes
36,128,204,25.23542319,80.68700527,5.695792761,grapes
11,132,197,15.99050693,81.23966573,5.7343170070000005,grapes
0,137,195,22.4359017,80.18612085,6.329499832000001,grapes
19,123,200,34.76086052,81.03544763,6.167013532,grapes
31,136,197,31.11047251,83.34010951,5.653776057999999,grapes
4,134,200,28.57828803,80.95628959,5.840256272,grapes
39,139,201,41.18664903,81.01783402,5.5399808120000005,grapes
8,127,196,27.02766138,83.17093908,5.833302165,grapes
39,138,203,21.19339319,82.33098331,6.399433771,grapes
32,120,204,10.38004759,83.44518113,6.138958698,grapes
12,142,203,31.3115978,82.56407013,5.972850837999999,grapes
8,133,195,20.46657776,80.97598029,6.456079585,grapes
8,139,199,29.36947679,81.53996362,6.3364266670000005,grapes
21,134,202,10.72302459,80.02130636,6.425419926,grapes
40,140,195,14.97846952,80.49979873,6.2943956760000015,grapes
39,127,202,15.3246651,81.67215994,6.477768039,grapes
19,120,195,18.73932187,81.12109244,5.931538447,grapes
21,139,201,19.3642553,83.36094029,5.980598579,grapes
17,136,195,41.20733624,81.61051026,6.389783283,grapes
33,139,203,33.34214482,82.51034633,5.693287415,grapes
22,133,201,23.81995682,80.12211649,6.00299607,grapes
32,130,196,40.66012294,81.24995984,6.372959542,grapes
37,135,205,11.82768186,80.2827185,5.510924848999999,grapes
15,140,195,13.28504331,83.54193816,5.69945282,grapes
39,132,196,35.83089092,83.32560104,5.778594403,grapes
40,121,199,26.18159716,81.03886263,6.315586313,grapes
40,132,202,24.57558351,80.70695797,5.9718130060000005,grapes
29,142,203,29.67229086,83.71498986,5.891195653,grapes
32,121,199,39.37102553,81.25353895,6.129812716,grapes
6,140,205,17.66558428,82.92903419,6.313085601,grapes
8,120,196,24.06679352,82.66396666,6.053662544,grapes
34,133,202,15.31413469,80.09711412,5.804799142,grapes
35,135,199,21.77466746,80.54942557,6.400719746,grapes
16,145,199,26.91624843,80.76838926,5.953966361,grapes
8,136,201,41.65602996,82.22118237,5.6092559920000005,grapes
25,129,195,17.98667801,81.17712085,5.777271492000001,grapes
16,130,201,29.12033769,82.79092939,5.682395429,grapes
39,129,203,34.38922481,83.18392806,5.863996687,grapes
38,135,203,41.36106301,82.79782954,6.444373116,grapes
33,120,205,35.12158265,82.26890793,5.550832177999999,grapes
35,125,204,19.6491772,80.15215777,6.107741787999999,grapes
1,132,200,16.27852801,82.94270065,5.620745638,grapes
39,140,203,21.11903604,80.63399198,6.349875906,grapes
28,145,202,19.2077707,82.90428409999998,6.484323189,grapes
6,128,200,25.96308415,82.57813624,5.838748311,grapes
6,139,199,25.67385024,81.6212135,6.29099842,grapes
29,122,196,41.94865736,81.15595212,5.638328481,grapes
37,144,197,11.18994268,80.8084305,6.415555956,grapes
38,120,197,17.5438296,82.94703302,6.323722572,grapes
38,141,198,13.05809741,80.28297993,5.757009965,grapes
14,121,203,9.724457611,83.74765639,6.1586894060000015,grapes
6,125,204,27.92004934,82.93262435,5.7335398070000005,grapes
32,138,197,9.535585543,80.73112694,5.908724337000001,grapes
11,124,204,13.42988625,80.06633966,6.361141107000001,grapes
23,138,200,9.851242629,80.22631717,5.96537863,grapes
40,143,201,24.97256132,82.72828653,6.476757723,grapes
6,142,202,27.23708304,82.94573346,6.224542938,grapes
37,124,195,18.70679077,83.4795292,6.209928251,grapes
35,134,204,9.949929082,82.55138983,5.841138354,grapes
24,128,196,22.75088787,90.69489172,5.521466996,apple
7,144,197,23.8494014,94.34814995,6.133220586,apple
14,128,205,22.60800988,94.58900601,6.226289556,apple
8,120,201,21.18667419,91.13435689,6.321152192,apple
20,129,201,23.41044706,91.69913296,5.587905967,apple
32,137,204,22.86006627,93.12859895,5.824151692999999,apple
27,139,205,22.48403042,93.40819246,5.7721799460000005,apple
0,123,205,22.02775403,92.96129462,5.790993052,apple
22,144,196,21.91191314,91.68748063,6.4992268210000015,apple
1,124,199,23.71059131,93.27392415,5.658473817000001,apple
30,122,197,21.37784654,92.72043743,5.573241391,apple
29,121,196,22.84852833,94.32130209,6.079497202000001,apple
13,126,204,23.1094265,92.79630809,6.3831802710000005,apple
9,139,199,23.25230817,94.54128292,5.867420996,apple
0,133,200,23.67287749,90.4935574,5.708418722,apple
30,143,199,23.76881552,90.59810302,5.7983508000000015,apple
36,140,198,23.34386401,91.47684705,6.28188384,apple
37,137,199,22.63946441,90.18451645,5.697945522,apple
33,121,203,22.45696744,94.76285385,5.6059340870000005,apple
7,144,195,22.96388477,93.58065995,5.85648105,apple
35,128,205,21.07273439,93.56585985,6.041053829,apple
29,128,198,22.44075021,92.70785115,5.685062404,apple
2,143,196,22.71271308,90.45261746,5.669489065,apple
34,140,198,21.70416965,93.44006288,5.751707342,apple
29,144,204,22.43324518,92.48667725,5.800448951,apple
32,141,203,21.25941052,92.84416234,5.821347769,apple
13,144,197,22.9215706,94.89613443,6.28022267,apple
25,143,198,22.81212536,91.51861705,6.027314401,apple
9,137,200,21.12152071,90.6878768,5.636687393,apple
6,144,198,21.11478672,90.31528693,5.559363609,apple
37,126,196,23.59997268,90.97597665,5.596449493,apple
2,120,203,23.12652652,94.71203306,5.893492998999999,apple
11,143,197,22.98458907,93.3204487,5.875718516,apple
10,141,201,22.12659387,90.97818277,6.386021424,apple
24,142,202,22.53779727,91.48135786,5.710819862,apple
23,138,195,22.49095104,91.70292746,5.7959857160000015,apple
18,125,204,22.35548159,94.47811755,6.046673619,apple
13,121,196,22.20700989,93.50574163,6.443382913,apple
26,122,202,22.44516988,94.73763514,5.617227184,apple
28,123,202,22.76643029,92.12438519,6.442289294,apple
26,121,201,22.19109412,90.02575116,6.162034371,apple
21,137,196,23.6119202,91.70293849,5.812781806,apple
21,135,198,23.86087054,94.92048112,5.7650151260000015,apple
5,144,205,21.42177231,92.62665309,6.184922574,apple
2,123,205,22.36629253,90.78572467,5.739652177000001,apple
15,133,199,23.99686172,91.61001707,5.8247786360000005,apple
31,130,198,21.80129837,92.73446667,5.554823557000001,apple
25,143,200,23.80436344,92.80441624,6.024248787,apple
16,143,204,23.71475278,91.53331177,5.631333387000001,apple
19,122,202,23.34467359,90.37981478,5.811975094,apple
10,125,196,22.31253665,90.03577124,5.730557448,apple
20,139,202,23.50201428,92.21083961,5.66999105,apple
28,123,198,23.46260321,91.45665004,5.682751473,apple
28,136,200,23.06204373,92.39544055,6.245858905,apple
2,131,199,22.47420512,91.22759742,6.017370134,apple
2,140,197,22.69780133,92.82223419,5.53456749,apple
27,138,201,23.66682067,93.90191078,5.952367662,apple
30,127,204,22.50050273,92.45878335,6.126436584,apple
32,145,203,23.83053666,90.84422164,6.406818518,apple
29,139,205,23.64142354,93.74461474,6.155939452999999,apple
26,126,195,21.41363812,92.99124545,5.878568981,apple
40,136,202,22.85267372,94.57645809999998,5.935336307999999,apple
6,124,200,22.98208095,93.84505029,5.971332179,apple
35,138,200,21.19909519,90.80819418,5.67130617,apple
17,136,196,23.87192332,90.49939035,5.882155987999999,apple
33,134,205,21.0365275,94.33919546,6.08551916,apple
16,143,197,22.61711614,93.51978375,5.90402645,apple
27,120,200,21.45278675,90.74531921,6.1102188260000005,apple
29,145,205,22.81227579,92.12992101,6.212302608,apple
3,141,197,21.98141856,91.12719303,6.142803397000001,apple
15,123,204,22.52709326,92.54780429,6.365972687999999,apple
5,136,195,22.35628673,91.92360477,6.264202804,apple
10,136,204,21.19852186,92.15595143,6.276198595,apple
7,141,195,23.8812458,93.45067555,5.514253142,apple
2,129,201,22.78234161,94.36803516,5.682343744,apple
29,138,197,22.19055385,92.43764169,5.830892252000001,apple
30,137,200,22.91430043,90.70475565,5.603413172000001,apple
29,132,204,23.08950736,90.22507299,6.0967531,apple
14,139,197,21.72484506,92.83975602,6.056529526,apple
18,125,203,22.44307715,91.59234006,6.160267496,apple
33,143,204,21.1316077,91.95769858,5.814434775,apple
40,144,196,22.71750705,92.25479855,5.987262638,apple
9,143,197,23.75033085,92.88160462,5.570020684,apple
38,135,203,23.76121837,93.661643,5.9655513110000005,apple
28,130,196,22.13450646,94.67695747,6.062356467000001,apple
35,142,203,21.17089176,90.23730166,5.895319002000001,apple
12,129,205,22.36238282,91.15761594,6.119432215,apple
1,135,203,22.77856513,92.70124029,5.624203283,apple
0,145,205,21.22503442,90.09877774,5.52078314,apple
31,121,201,23.15791104,90.34396882,5.731535257999999,apple
35,131,203,22.42776057,93.91722423,5.893490899,apple
29,140,195,23.64082979,90.95257927,5.560521058,apple
33,138,198,22.29423493,90.69033986,6.222390797999999,apple
14,140,197,23.35225078,90.90054697,6.071255131,apple
35,145,195,22.03911546,94.58075845,6.231950009,apple
40,120,197,23.80593812,92.48879468,5.889480679,apple
25,132,198,22.31944084,90.85174383,5.732757516,apple
31,137,196,22.14464104,93.82567435,6.400321212000001,apple
36,144,196,23.65167552,94.50528753,6.496934492,apple
10,140,197,22.16939473,90.27185592,6.229498836,apple
22,30,12,15.78144173,92.51077745,6.354006743999999,orange
37,6,13,26.03097313,91.50819306,7.511755067999999,orange
27,13,6,13.36050601,91.35608208,7.335158382,orange
7,16,9,18.87957654,92.04304496,7.813916602999999,orange
20,7,9,29.47741671,91.57802915,7.1291369410000005,orange
26,27,10,28.06903173,92.91487288,6.079998496,orange
5,23,15,25.66901098,92.04670813,7.408939392000001,orange
0,18,14,29.77149434,92.00719952,7.207991261,orange
39,24,14,30.55472573,90.90343769,7.189259647,orange
13,23,6,23.96147583,90.26408017,7.365338111,orange
21,17,15,23.98289638,91.5473145,7.455991072000001,orange
33,12,8,25.26052689,90.31153735,6.822282114,orange
6,9,12,31.08368929,90.14362642,7.028746406000002,orange
19,7,10,14.78003032,91.22062116,6.118430299,orange
24,18,6,26.56608303,94.45239715,6.285312759,orange
9,11,8,24.85903405,94.39000473,6.559236744,orange
31,8,7,34.51465139,93.63812684,7.163245982,orange
22,17,5,24.12188673,90.72351622,6.945562889,orange
13,5,8,23.85340379,90.10522549,7.474710503,orange
16,8,9,24.60297538,91.28408653,7.601189842999999,orange
4,13,6,15.63211033,94.25966183,7.5611432239999985,orange
0,25,14,19.33516809,91.97978938,6.361671475,orange
8,7,10,28.2620488,91.98317355,6.929216014,orange
4,23,5,22.67594476,93.36348717,7.477935216,orange
33,14,8,21.03200078,92.9641969,7.684420446,orange
30,7,15,33.23453301,91.06053924,7.825531916,orange
21,29,12,22.30318989,92.15987039,6.438668989,orange
11,14,5,11.50322938,94.8933184,6.946354724,orange
9,8,15,14.34320488,94.35734702,7.994465371,orange
5,18,14,33.105698100000005,93.48447453,7.434118807000001,orange
29,25,14,30.49183837,90.4582865,7.781988584,orange
33,12,15,30.25578031,92.03272799,6.052318465,orange
8,16,6,12.22816189,90.26457428,7.106650373,orange
15,14,8,10.01081312,90.22399223,6.22094286,orange
16,7,8,22.79196751,90.60901895,6.420457311,orange
0,12,7,20.18432263,90.65458473,6.969249676,orange
5,25,6,30.72119881,94.01331956,6.0113021810000005,orange
6,8,11,24.35590861,92.39651663,6.600948787999999,orange
10,5,5,21.21306973,91.35349216,7.817846496,orange
1,17,6,10.78689755,91.38411917,6.8198271,orange
1,30,10,11.89925671,91.34663797,7.291405641,orange
0,23,15,22.56664172,93.37488907,7.598729065,orange
24,27,9,18.86883219,93.24688124,6.157135092000001,orange
36,11,13,17.34083741,93.04897191,7.1917274,orange
40,21,8,34.90665289,92.87820148,7.418761774,orange
40,22,6,24.53610067,91.90997228,6.488221135,orange
32,18,13,13.8377282,91.74780462,6.044167236,orange
9,10,10,22.3551049,93.52211892,6.010391864,orange
13,16,8,34.74004942,93.12316972,6.949838549,orange
15,9,11,11.54785707,94.14861001,7.907956251,orange
29,11,5,23.13338811,91.94670335,7.639788459,orange
1,15,9,29.98364695,94.55239717,7.53350946,orange
18,5,11,20.87947369,90.93756231,6.251586885,orange
14,22,9,17.24944623,91.13772765,6.543191814,orange
33,15,7,15.83388699,91.68293851,7.651225301,orange
4,6,7,23.01014302,91.11764246,6.708889665,orange
17,16,14,16.39624284,92.18151927,6.625538653,orange
12,20,10,24.45132792,93.10527686,6.528354932,orange
34,29,8,31.87859192,91.15248149,6.450640306,orange
39,28,10,31.34920143,91.48247612,7.181907673,orange
31,25,12,18.05142392,90.03969587,7.016482298,orange
12,6,8,30.84835031,92.86773675,6.388617138,orange
12,29,13,22.45616931,91.52781832,7.57125447,orange
26,11,11,13.70319166,90.95589386,7.609348255,orange
19,24,15,20.48954522,93.72485075,7.137136973,orange
39,21,9,13.20844373,94.02769434,6.354022554,orange
16,29,13,32.31944397,93.67804556,6.196907944,orange
36,29,13,20.68185224,90.91510525,7.829507245,orange
37,23,12,31.52675982,90.50621806,6.395258356,orange
39,9,15,25.35467646,91.81183218,7.992041984,orange
31,5,14,17.66545409,91.69865887,6.583411671,orange
18,12,8,12.59093977,91.81668769,6.206053072,orange
20,20,10,11.86631922,93.68394562,6.976997772000001,orange
5,8,5,11.03367937,92.22706805,6.562594972,orange
20,8,12,25.2990432,94.96419851,7.260416405,orange
25,21,11,32.23797837,90.15406807,6.460044777999999,orange
14,19,14,17.68408797,94.35815354,6.699164936,orange
37,18,12,10.2708877,90.19147747,7.401121811,orange
26,15,6,17.22034507,94.78797376,6.912033409,orange
13,22,5,19.667056,90.50096668,7.764040111,orange
32,25,9,10.35609594,93.75652041,7.796034006,orange
19,7,9,27.255435,91.71369387,6.969883482999999,orange
28,7,9,34.591784600000004,92.13229786,6.730757538,orange
24,30,11,32.39523995,94.51768464,6.601395755,orange
7,17,10,10.16431299,91.22320999,6.465913274,orange
18,23,8,21.49118657,93.43949693,6.41354791,orange
7,20,12,16.53460397,94.76759975,6.475275337,orange
20,23,11,31.852069399999998,90.12220323,6.407715561,orange
18,14,11,28.04799508,90.00621688,6.550814117000001,orange
34,11,10,31.75048899,94.59551226,7.36220835,orange
20,29,10,29.07412717,93.27189064,7.36549204,orange
37,24,13,19.14381903,90.71037456,7.8546243,orange
12,8,10,16.14820285,91.4448027,7.995848977,orange
34,10,14,34.05296914,92.05811721,6.725600855,orange
6,13,9,34.51423957,90.56151463,7.786725333,orange
27,30,5,32.71748548,90.54608254,7.656978112000001,orange
13,8,12,25.16296632,92.54736032,7.105904818,orange
6,7,7,27.68167318,94.47316879,7.199106204,orange
40,17,15,21.35093384,90.9492967,7.871063004,orange
31,26,9,11.69894639,93.25638873,7.566165721,orange
61,68,50,35.21462816,91.49725058,6.7932454170000005,papaya
58,46,45,42.39413392,90.79028064,6.576261427,papaya
45,47,55,38.4191628,91.14220381,6.751452932,papaya
39,65,53,35.33294932,92.11508608,6.560743092999999,papaya
31,68,45,42.92325255,90.07600528,6.938313356,papaya
70,68,45,33.83508569,92.85470152,6.991626158,papaya
68,62,50,33.20258348,92.76437927,6.977700268,papaya
34,65,47,23.48546973,93.71043692,6.833768535,papaya
38,68,54,29.33710543,90.81781439,6.739170045,papaya
69,64,47,40.21199348,94.50766912,6.993473247000001,papaya
58,51,47,42.13473976,91.70445386,6.757470637000001,papaya
59,47,53,32.86316618,91.4618874,6.8506632320000005,papaya
44,64,54,29.80744318,91.38048469,6.74274935,papaya
56,57,48,31.56213762,93.0484859,6.506120752,papaya
69,60,54,36.32268069,93.06134398,6.98992719,papaya
56,58,49,37.13165026,94.60761797,6.69215564,papaya
49,55,53,38.4418717,93.63739039,6.544029776,papaya
38,51,52,32.66160599,90.78931681,6.927803911,papaya
54,65,47,27.92765919,91.55594211,6.721835879,papaya
57,57,51,39.01793345,91.48815629,6.99223441,papaya
39,52,53,32.51247398,94.65904123,6.704204398,papaya
58,67,45,38.72382798,91.72514851,6.702424548,papaya
61,64,52,43.30204933,92.83405443,6.641098708,papaya
34,62,55,27.58548913,90.72526502,6.585346229,papaya
31,48,45,40.78881819,92.90951393,6.563134737,papaya
47,46,52,23.19451074,91.40301608,6.502289472999999,papaya
32,68,52,32.68067385,92.61715632,6.800321319,papaya
36,59,46,34.28879307,93.61082872,6.721130542999999,papaya
61,51,51,39.30050027,94.16193416,6.574677594,papaya
70,54,46,39.73149053,91.12220596,6.919342407,papaya
44,56,49,39.23342464,91.25589286,6.519779582999999,papaya
34,68,51,27.34734861,94.17756725,6.687088097999999,papaya
50,59,47,40.76998685,92.09278584,6.747975732,papaya
39,70,52,26.26559543,90.79668055,6.65149129,papaya
34,61,49,28.12971499,93.3210737,6.502675132,papaya
44,60,55,34.2804607,90.55561637,6.825371185,papaya
31,62,52,33.7960155,93.00754254,6.99104104,papaya
65,62,51,31.53243779,90.87394933,6.5116248410000015,papaya
44,57,53,42.30495821,90.51431779,6.93172108,papaya
50,47,48,24.63676897,90.61964344,6.712772332999999,papaya
43,50,48,28.28222883,91.37059792,6.63016515,papaya
60,46,53,24.48620746,92.98254537,6.761953186,papaya
70,68,55,42.84609252,94.63548176,6.691202286,papaya
59,62,52,43.67549305,93.10887229,6.608667683999999,papaya
60,58,51,42.07213781,92.92203105,6.840802254,papaya
42,60,47,33.46873719,92.12746225,6.834808347999999,papaya
35,66,47,31.7018373,91.66232213,6.953439161,papaya
34,65,48,41.41968393,90.03863107,6.665024507999999,papaya
36,54,46,42.54744013,94.94482086,6.662875839,papaya
39,64,52,28.91842453,94.63676767,6.678695788,papaya
37,52,47,43.08022702,93.90305729,6.54277684,papaya
33,47,46,29.20300896,93.96834049,6.839443833,papaya
34,48,48,41.04224355,91.37258067,6.805277038,papaya
49,54,50,25.62446619,93.18240298,6.762522087000001,papaya
40,65,49,35.32876402,91.06138506,6.678449317999999,papaya
68,52,49,24.42561272,92.27749066,6.577192175,papaya
50,46,52,31.18298415,90.21646909,6.734005647999999,papaya
65,63,50,31.88342554,91.3256535,6.524459342,papaya
40,49,47,42.93368602,91.1756748,6.501521192,papaya
42,53,48,23.11407669,94.31994776,6.758479569,papaya
49,55,51,24.87212063,93.90560147,6.676578778,papaya
59,62,49,43.36051537,93.35191636,6.941496806,papaya
63,58,47,26.83054058,90.75379971,6.864143752,papaya
70,65,52,30.42012134,93.12659793,6.583528529,papaya
63,50,52,28.64555584,93.22642604,6.751747609,papaya
40,64,47,32.50037548,93.47888842,6.893509446,papaya
63,58,50,43.03714283,94.6428898,6.720744449,papaya
45,58,49,30.10773379,90.34546355,6.827812549,papaya
66,69,47,23.69212243,93.61055571,6.912299695,papaya
54,67,52,35.67667332,93.30641944,6.586107335,papaya
69,67,52,27.71948962,94.43877142,6.827305908,papaya
67,68,49,35.26824831,92.38282957,6.821774589,papaya
45,57,47,23.16855863,90.78821158,6.656458831,papaya
56,50,52,33.08706051,92.25197542,6.770384816,papaya
70,50,53,37.4620912,90.44967809,6.933809742999999,papaya
44,47,45,38.73218907,94.73613484,6.579441304,papaya
50,60,47,32.57720726,92.74889453,6.92791761,papaya
52,51,53,38.38231475,93.10378595,6.985804083,papaya
35,68,45,42.93605359,90.09448142,6.612429546,papaya
68,69,52,25.65492304,92.74501561,6.813383387000001,papaya
32,55,52,37.58899717,91.99740365,6.967759599999999,papaya
32,55,51,29.60718808,93.15642801,6.57398033,papaya
48,62,47,25.34756111,93.02871078,6.803094965,papaya
39,69,53,25.9300384,93.02357765,6.964955435,papaya
49,61,45,32.76795887,94.57377401,6.764213299,papaya
48,57,54,29.02328049,90.20396783,6.617703177999999,papaya
69,66,49,40.00439101,90.17015833,6.52711001,papaya
53,55,55,33.32315744,91.25271223,6.709668804,papaya
38,61,52,31.22790131,94.94021378,6.620729882000001,papaya
57,64,55,26.68386496,92.9585411,6.583760498999999,papaya
51,57,55,24.70528368,90.14732171,6.6764073370000006,papaya
56,65,45,38.2016825,93.97379963,6.751298936,papaya
54,66,52,36.56769731,93.79503425,6.867554147000001,papaya
58,55,47,26.05375792,93.69111672,6.7424900270000006,papaya
68,70,54,31.29986342,92.76039164,6.986228647000001,papaya
42,59,55,40.10207731,94.35110201,6.979102243,papaya
43,64,47,38.58954491,91.58076549,6.8256647820000005,papaya
35,67,49,41.31330062,91.1508798,6.617066674,papaya
56,59,55,37.03551903,91.79430166,6.551892637999999,papaya
39,64,53,23.012401800000006,91.07355541,6.598860305,papaya
18,30,29,26.762749300000007,92.86056895,6.4200187170000005,coconut
37,23,28,25.61294367,94.3138837,5.7400545670000005,coconut
13,28,33,28.130115000000004,95.64807631,5.686972967000001,coconut
2,21,35,25.02887163,91.53720922,6.293662362999999,coconut
10,18,35,27.79797651,99.64573002,6.381975465,coconut
7,11,32,29.25902906,95.11294697,5.542169138999999,coconut
39,5,31,27.10134661,93.69979946,5.551963184,coconut
34,6,27,25.84726298,90.92669463,5.8607404810000014,coconut
31,30,29,26.58580443,90.98617591,5.558807063,coconut
25,7,35,28.38503882,99.18843684,5.55771171,coconut
16,18,26,28.43647052,91.81320717,5.568365926,coconut
26,10,33,28.27298134,96.93649473,6.07071786,coconut
27,8,32,27.00648436,96.46168931,5.627860548999998,coconut
37,18,30,27.63551259,99.34854917,6.38488418,coconut
19,15,34,26.29644905,99.65809151,5.6858890660000005,coconut
0,19,33,27.1326009,95.23797989,6.234458417000001,coconut
31,20,26,25.56567803,97.61361544,6.443168642000001,coconut
9,17,32,25.94951662,93.40548703,5.842317989,coconut
22,11,29,28.03380598,95.01630593,5.955742971,coconut
31,6,26,29.12859129,91.30924833,5.741367375,coconut
34,6,30,27.0828252,97.00155491,5.948342571,coconut
24,6,32,28.11321494,90.01734526,6.387067562,coconut
1,8,26,27.5136304,94.18955816,5.562911913,coconut
31,13,33,27.63834933,95.48763389,5.85971872,coconut
10,9,28,29.01256899,94.01014388,6.282955072999999,coconut
36,27,26,26.58413917,95.78923137,6.25449571,coconut
38,24,33,28.28905147,97.00396405,5.973853124,coconut
11,6,25,28.69164799,96.65248672,6.081568052000001,coconut
16,14,30,29.70931288,96.30484325,6.37466756,coconut
33,14,35,27.14865285,96.66355213,6.027707171,coconut
16,6,29,29.28725038,91.95614918,5.868285082000001,coconut
32,11,31,25.06871967,93.31410447,6.205931637999999,coconut
38,14,30,26.92449525,91.20106019,5.5707453860000005,coconut
8,6,33,28.27804288,93.64761266,6.095261012999999,coconut
23,6,33,29.18032562,92.73041222,6.025789594,coconut
29,25,35,28.3575072,91.64509299,5.542873799,coconut
24,14,33,29.38072512,93.27565685,6.366219551,coconut
32,12,30,25.39241091,98.08951196,5.579845008,coconut
30,25,31,26.31270635,98.62048026,5.804965067,coconut
14,21,35,29.52501367,91.91185319,6.121005506,coconut
27,22,29,28.83214859,92.17170353,6.000248647,coconut
40,5,29,28.48444906,97.76865458,5.820978791,coconut
17,11,32,28.74013335,93.39676499,5.620733794,coconut
30,30,35,25.00872392,95.59224018,6.001936419,coconut
28,10,30,29.8690834,91.14723422,6.305740522000001,coconut
39,7,29,27.54273211,94.59086121,6.362544111,coconut
32,20,35,26.52166434,98.38227669,5.588655387,coconut
7,15,32,25.03512351,95.89739958,6.182232762000001,coconut
29,17,29,29.20394909,95.66997327,5.959493188,coconut
34,15,34,27.05826457,91.10510371,5.677282677999999,coconut
14,23,25,26.18552389,96.96637916,5.6121227970000005,coconut
18,19,29,27.59376845,92.48519606,6.206077742000001,coconut
7,21,35,25.76011662,94.65830608,5.764812076,coconut
24,27,34,28.87862994,95.11320315,6.203376525,coconut
39,29,29,26.50908611,94.48414544,6.143662699,coconut
29,8,28,26.87037587,91.72546257,6.100429497,coconut
10,24,27,27.57283516,94.90485697,5.7084096010000005,coconut
0,29,32,28.05912437,98.3670985,5.868255858,coconut
32,11,31,29.51611558,92.56492864,6.461225827000001,coconut
37,10,32,28.96318258,95.16333673,6.165084855,coconut
20,29,27,25.09897688,92.36099489,6.047044342,coconut
31,29,35,27.1872282,92.19906776,6.137102505,coconut
17,30,27,29.03065024,90.79093862,5.894027065,coconut
1,12,30,27.754298,95.94643831,5.56222383,coconut
6,13,29,27.31155708,99.96906006,5.832608027999999,coconut
15,28,32,28.84270971,99.64328526,6.2185718739999984,coconut
27,24,29,26.61423461,96.97300803,6.142010637,coconut
3,23,30,29.70143197,95.65754365,6.078807239,coconut
8,26,26,25.54759871,91.64194826,5.702484758,coconut
20,28,26,26.37978453,91.49882979,5.547594847,coconut
26,18,27,27.45907759,92.90736493,5.836075368,coconut
1,6,35,27.02269204,95.71935435,6.231662767,coconut
27,30,31,28.98545306,90.73966792,5.718120393,coconut
23,7,34,26.1055118,91.52421214,5.852038202,coconut
0,26,31,25.0707247,95.02156793,5.547933273,coconut
38,6,25,25.54963273,96.92786777,6.156259104,coconut
25,12,26,28.56973521,95.67906668,6.436314406,coconut
40,5,32,26.07010807,96.7036223,5.981169595,coconut
0,19,31,25.51791333,94.38420565,6.271952832999999,coconut
26,9,32,25.9490364,94.73860514,6.470465614,coconut
35,30,34,28.2974764,95.41122824,6.141502001,coconut
19,30,30,29.56549169,91.40896307,5.826381164,coconut
31,13,33,29.69952329,95.21224392,6.342463714,coconut
17,29,26,26.14162144,93.28415295,6.071897347,coconut
2,30,30,26.00175125,94.79998418,6.331051715,coconut
30,13,25,27.15116142,91.48889469,6.413184638,coconut
8,15,33,28.97318719,98.09861043,5.50158009,coconut
18,12,35,26.13958446,96.38580769,6.338720873,coconut
8,28,30,25.51618488,94.33465411,6.015672239,coconut
40,22,29,27.55821802,99.98187601,5.735364307,coconut
27,10,33,27.81132822,97.48410555,6.465906333,coconut
21,20,31,25.60033702,99.7240104,5.855457599,coconut
3,9,35,26.91641934,99.84671638,6.318552972999999,coconut
22,16,27,29.1797902,90.27214288,6.006784979,coconut
27,8,30,26.44600063,98.29937782,6.008386282999999,coconut
22,8,33,28.43572863,95.8840407,5.665785202,coconut
28,27,32,28.94099669,93.00109012,5.764615485,coconut
23,21,26,26.45488737,93.45042636,5.901495543999999,coconut
37,5,34,25.79490531,93.84150618,5.779032666,coconut
19,26,29,26.93141945,98.80313612,5.67154928,coconut
133,47,24,24.40228894,79.19732001,7.231324765,cotton
136,36,20,23.09595631,84.86275707,6.925412377000001,cotton
104,47,18,23.9656349,76.97696717,7.633437412,cotton
133,47,23,24.88738107,75.62137159,6.827354668,cotton
126,38,23,25.36243778,83.63276077,6.176716425,cotton
126,50,19,24.69457084,81.7358876,6.6287228360000015,cotton
113,41,20,25.0017188,80.53965818,7.256877571,cotton
121,45,22,22.45942937,81.30681027,6.443785385,cotton
121,47,16,23.60564038,79.29573149,7.7232401510000015,cotton
129,60,22,24.58453146,79.12404171,5.947448589,cotton
107,45,25,23.0865933,83.55546146,7.2277455160000015,cotton
122,59,18,23.5000992,83.63488952,6.219469084,cotton
140,38,15,24.1472953,75.88298598,6.021439523,cotton
102,49,21,24.69315538,84.84422454,6.253343655,cotton
111,40,25,24.48469200000001,84.44932014,6.187455798999999,cotton
131,35,18,24.49112609,82.24415809,7.0576933660000005,cotton
135,43,16,23.47986888,81.73049149,6.720449769,cotton
100,46,18,24.18586246,76.04203958,6.4316895060000006,cotton
123,39,24,25.00755095,78.17952126,7.453106264,cotton
117,56,15,25.99237426,77.0543546,7.368258226,cotton
121,36,24,23.66457347,81.69105088,7.352401887,cotton
101,58,18,25.66891439,81.38103349,6.652143699,cotton
107,42,24,22.04612876,84.62978302,6.144631795,cotton
100,41,22,22.4204752,84.55794703,7.318802162000001,cotton
125,39,21,25.03149561,82.21276599,7.954629324,cotton
105,60,23,23.53371386,77.21705554,6.207652157,cotton
102,46,19,22.77076388,82.5993307,6.631005298,cotton
131,49,22,25.49848236,79.9751579,7.306918817000001,cotton
139,35,15,25.248679,83.4630147,5.898293044,cotton
108,36,19,22.78249615,77.51235009,7.238566893,cotton
118,45,23,23.37044424,77.43198948,7.977651226,cotton
107,51,22,24.86560781,78.22080815,5.983075895,cotton
125,60,17,24.14386157,84.51591287,6.785723961,cotton
113,37,20,25.03300222,79.04368718,7.393441155,cotton
131,52,16,23.65724079,84.47601498,6.486068274,cotton
115,48,16,25.54359718,84.09229796,7.175934962,cotton
113,38,25,22.00085141,79.47270984,7.388265887999999,cotton
111,41,18,23.64328417,78.1258666,6.10539819,cotton
111,53,19,23.96436009,78.02763149,6.419536555,cotton
122,48,16,24.65425757,75.6350708,6.307585854,cotton
108,46,17,24.3017998,84.87668973,6.93221485,cotton
132,41,22,24.29144926,81.02453404,7.810865753,cotton
103,42,17,24.29470232,84.61527627,6.527541661,cotton
133,50,25,25.72180042,81.19666206,7.569454601,cotton
127,37,18,24.87663664,76.30050373,7.041065585,cotton
110,39,25,22.60612115,77.34264002,7.208795456,cotton
131,38,19,23.86814008,75.68339729,6.814341946,cotton
108,38,24,23.41022496,76.43836957,7.442217061,cotton
122,40,17,24.96440768,81.31677618,6.854558957,cotton
111,50,15,25.16820129,80.30351815,7.884550475,cotton
140,40,17,22.72767171,77.07598065,6.006085786,cotton
100,40,20,22.45145981,76.25674874,7.432043735,cotton
123,50,16,23.04920461,75.53835214,6.498052108,cotton
107,36,21,25.29250148,75.66653335,6.205263534,cotton
118,50,19,22.95604064,82.33733678,6.360812227,cotton
103,51,20,22.80213132,84.14668447,7.0466074339999984,cotton
133,57,19,23.54234715,75.98203329,7.947011366,cotton
129,47,20,24.41212325,80.80343786,6.281913857999999,cotton
116,52,19,22.94276687,75.37170612,6.114525877,cotton
114,40,23,25.53676123,81.13668716,6.7539780610000015,cotton
131,60,17,25.32023717,81.79475917,7.4250413160000015,cotton
107,43,18,22.426733,81.53480799,6.745104394,cotton
123,44,21,25.78544484,75.00539324,7.6411165689999985,cotton
112,49,25,25.68959532,77.90621048,6.470135478,cotton
119,44,15,22.14593688,82.85975490000001,7.091992365,cotton
130,59,19,25.07278712,82.50257909,6.520403794,cotton
127,53,24,22.21506982,76.17851932,6.127939627999999,cotton
134,52,18,23.9643129,76.59175937,7.994679507000001,cotton
109,36,18,25.40059227,76.53237965,7.524707577,cotton
100,48,17,23.7805123,83.03878838,7.827877817999999,cotton
132,52,19,24.16402322,76.7433897,6.436691764,cotton
102,37,25,25.31468463,77.91757121,5.907930899,cotton
111,39,22,22.60361557,80.35090459999998,6.135025006,cotton
117,51,15,22.9535715,78.71555832,6.044556594,cotton
136,36,24,22.74446976,80.41198458,7.59781958,cotton
134,56,18,23.80834611,83.91902605,6.691268104,cotton
112,54,15,25.46228792,81.56641891,6.1754923060000015,cotton
105,56,15,25.96779712,81.97904282,7.272316208999999,cotton
140,45,15,25.5308271,80.04662756,5.801047545,cotton
126,46,25,24.43847399,81.69801729,6.757457943,cotton
106,49,24,23.03887865,76.47039772,6.983395572999999,cotton
121,53,19,23.51308653,76.72621429,7.976889497999999,cotton
108,60,17,22.75805656,76.75768356,6.558902588,cotton
116,56,17,24.71252544,77.7293114,7.979090365,cotton
100,52,19,23.45969093,82.44777468,7.903528672999999,cotton
129,43,16,25.5503704,77.85055621,6.73210948,cotton
118,44,23,22.08458267,82.82904143,6.6916904760000016,cotton
117,43,25,24.68854799,78.51206972,7.839849298,cotton
126,37,21,25.84997269,84.16855231,6.61448588,cotton
120,48,16,22.46054478,75.40989245,7.456971816,cotton
102,45,16,23.65629976,77.52425987,7.2942193,cotton
131,56,20,22.00817088,81.83896111,7.762647875,cotton
114,40,17,24.32630461,80.13456404,6.363406102000001,cotton
101,37,18,22.92360984,82.68738535,7.63737841,cotton
106,46,20,23.43821725,78.63388824,6.2006719760000015,cotton
113,38,20,22.10718988,78.58320116,6.364729934,cotton
102,53,21,23.03814028,76.11021529,6.913678684,cotton
110,39,18,24.54795322,75.39752705,7.766259768999999,cotton
107,58,15,23.73868041,75.77503808,7.55606399,cotton
120,60,15,22.31871914,83.86129998,7.288377241,cotton
89,47,38,25.52468965,72.24850829,6.002524871,jute
60,37,39,26.59104992,82.94164078,6.033485257000001,jute
63,41,45,25.29781791,86.88705350000002,7.121933578999999,jute
86,40,39,25.72100868,88.16513579,6.207459637,jute
96,41,40,23.58419277,72.00460848,6.090060478,jute
100,35,36,25.31042337,72.01364411,6.346715209,jute
63,37,43,23.41798979,85.08640476,6.661957897000001,jute
70,43,40,24.35564134,88.80391021,6.176860192,jute
67,55,44,26.284017,75.14640198,7.251847296,jute
74,40,40,25.13842773,83.12053888,6.386259977999999,jute
89,53,44,24.88692811,71.91711523,7.319735475,jute
74,46,45,25.75734909,88.36668522,6.025028997000001,jute
89,41,38,23.12844351,74.68322732,6.344751947000001,jute
60,55,40,24.9949957,88.95692783,7.02777956,jute
67,43,38,25.21622704,70.88259632,7.299304715,jute
70,38,35,24.39736241,79.26861738,7.014063944,jute
74,49,38,23.31410442,71.4509053,7.4880144039999985,jute
90,40,39,25.72668885,81.86171563,6.626503893,jute
82,35,44,26.96656378,78.21047693,6.239011,jute
73,45,37,23.70467146,74.63745355,6.742688094,jute
85,53,38,24.90075709,73.84186449,6.588017308,jute
81,56,36,23.39605743,72.60512854,7.097586415,jute
84,55,38,26.8748389,79.78725152,6.956682742999999,jute
80,45,42,23.1426498,74.99739774,7.380396262,jute
76,54,45,24.29496635,77.62976013,6.176618831,jute
76,56,39,24.39459498,89.89106506,6.551130445,jute
81,40,45,25.7629429,80.76238215,6.427726565,jute
76,44,45,25.4879684,84.48235878,6.740947635,jute
69,47,40,25.37122686,76.2403666,6.130136384,jute
82,40,45,26.21312799,81.70476368,6.667633355,jute
69,57,35,24.30748599,78.54340987,6.1868143920000005,jute
81,36,38,23.76554749,87.98329901,6.334837865,jute
67,60,38,24.79853023,78.53037059,7.16214284,jute
72,51,40,23.20683504,74.09956958,7.422318499,jute
65,39,45,23.66805429,70.89000744,6.768001309,jute
78,50,43,25.12417673,85.72530641,6.348441469,jute
77,52,41,23.89069041,83.46409075,6.097294061,jute
89,52,42,23.09433785,81.45139295,6.14132902,jute
62,49,37,24.21744605,82.85284045,7.479248124,jute
90,48,45,24.06475727,71.31342851,6.509174788999999,jute
66,47,36,24.85441411,74.44070479999998,6.57256106,jute
80,52,39,26.41915161,76.85691248,7.165696848,jute
89,52,45,24.89326318,77.01222585,7.207457207999999,jute
77,51,44,23.25583402,82.7015932,7.124333547000001,jute
94,37,41,24.7634518,87.06071115,6.4635387070000005,jute
75,41,35,24.97042599,78.62697699,6.856833064,jute
60,55,36,26.12797248,80.49172597,7.132389299,jute
62,56,35,25.97825807,81.65769588,6.235357637999999,jute
84,40,42,26.2830571,73.35763537,6.704273839,jute
100,56,40,26.38905406,83.31240346,7.433313409,jute
75,56,44,25.2746335,73.7459581,6.109478059,jute
78,46,42,23.09499564,78.45959697,7.095413294,jute
82,48,36,25.79351957,81.76904006,6.352076782999999,jute
100,58,41,23.17403323,87.88255345,6.6587699910000016,jute
88,50,40,25.63215038,79.95150917,7.0518224720000005,jute
67,41,40,25.84879500000001,87.81661683,7.333143205,jute
72,42,43,26.56767277,80.90424543,6.352771037,jute
89,40,43,26.24532085,72.97198375,7.124050134,jute
89,57,43,26.91515043,73.19897535,6.998787171,jute
61,41,44,24.36972377,82.11319791,6.537914957999999,jute
79,45,43,25.71901283,79.15532398,7.171054239,jute
84,40,43,25.01157559,88.33130229999998,7.228268227999999,jute
98,43,35,25.40785911,76.44048625,7.319952206,jute
75,36,44,23.28081,74.27607475,6.613341342999999,jute
89,58,35,23.98651719,82.09053379,6.096838784,jute
91,41,37,24.48556447,83.20630007,6.132570522999999,jute
77,48,36,25.86705009,84.09985284,7.36008498,jute
66,58,35,23.5643831,79.46283115,7.321619041,jute
62,59,41,24.2248758,74.89465426,7.175170657000001,jute
82,35,35,25.49386782,86.97061481,7.299076163,jute
61,41,35,24.97178693,79.47557931,6.842966478999998,jute
99,57,38,24.80624984,82.09281674,6.356295567999999,jute
70,42,43,23.16814977,76.66724969,6.508342839,jute
90,59,35,24.25133493,89.86454053,7.098227926,jute
73,43,42,26.58361011,78.00774772,6.310699968,jute
67,46,44,26.82489244,78.20392774,7.093328631,jute
84,37,42,25.49674786,81.13449097,6.691074249,jute
72,41,36,24.09874353,80.57226761,6.187746776,jute
71,56,37,23.18866654,86.20899734,6.491506245,jute
64,53,38,26.24347471,78.51063754,6.855362875,jute
65,54,39,23.75091572,71.14782585,7.124571593,jute
60,58,37,26.13871511,79.1188943,6.067302109,jute
86,39,43,26.14576648,71.23690851,6.432051512,jute
90,50,44,26.91643698,73.48655995,6.253408852000001,jute
91,38,36,26.5232969,77.17331847,7.287318722999999,jute
87,48,38,23.81579631,80.94023552,7.161865733,jute
72,41,36,26.50838667,86.84264005,6.065898282999999,jute
71,54,35,26.63952463,70.95705996,7.311077075,jute
82,46,41,23.325013100000003,79.79609448,6.581693772,jute
71,52,43,26.47549543,73.96164569,6.732826127,jute
80,43,43,23.78756036,74.36794079,6.014572075,jute
77,55,43,25.49941707,75.99987588,6.663559451,jute
95,57,41,23.24925555,73.65346838,6.434610995,jute
63,47,35,26.98582182,89.05587886,7.432768147000001,jute
93,43,38,23.61475336,86.14290267,6.987332927000001,jute
87,44,43,23.87484465,86.79261344,6.718725189,jute
88,52,39,23.92887902,88.07112278,6.880204617,jute
90,39,37,24.81441246,81.68688879,6.86106911,jute
90,39,43,24.44743944,82.286484,6.7693455,jute
84,38,43,26.57421679,73.81994896,7.26158085,jute
